Дата,Категория,Регион,Продажи,Количество,Средняя цена
2022-06-07 20:32:14.158580,Мебель,Екатеринбург,7427,35,212.2
2022-06-08 20:32:14.158580,Книги,Екатеринбург,9926,35,283.6
2022-06-09 20:32:14.158580,Продукты,Екатеринбург,4395,49,89.69
2022-06-10 20:32:14.158580,Книги,Екатеринбург,2775,39,71.15
2022-06-11 20:32:14.158580,Книги,Казань,5343,27,197.89
2022-06-12 20:32:14.158580,Одежда,Казань,10684,26,410.92
2022-06-13 20:32:14.158580,Продукты,Санкт-Петербург,3922,14,280.14
2022-06-14 20:32:14.158580,Продукты,Москва,8813,17,518.41
2022-06-15 20:32:14.158580,Продукты,Екатеринбург,8895,18,494.17
2022-06-16 20:32:14.158580,Книги,Санкт-Петербург,4437,45,98.6
2022-06-17 20:32:14.158580,Мебель,Москва,6687,29,230.59
2022-06-18 20:32:14.158580,Продукты,Новосибирск,8811,20,440.55
2022-06-19 20:32:14.158580,Книги,Казань,4801,27,177.81
2022-06-20 20:32:14.158580,Одежда,Москва,5157,18,286.5
2022-06-21 20:32:14.158580,Мебель,Новосибирск,4406,4,1101.5
2022-06-22 20:32:14.158580,Одежда,Москва,3545,1,3545.0
2022-06-23 20:32:14.158580,Мебель,Казань,4281,1,4281.0
2022-06-24 20:32:14.158580,Книги,Казань,3137,26,120.65
2022-06-25 20:32:14.158580,Электроника,Санкт-Петербург,5658,45,125.73
2022-06-26 20:32:14.158580,Мебель,Екатеринбург,4055,20,202.75
2022-06-27 20:32:14.158580,Одежда,Москва,6067,23,263.78
2022-06-28 20:32:14.158580,Книги,Москва,2493,10,249.3
2022-06-29 20:32:14.158580,Мебель,Новосибирск,6271,11,570.09
2022-06-30 20:32:14.158580,Электроника,Казань,7282,41,177.61
2022-07-01 20:32:14.158580,Электроника,Москва,1132,41,27.61
2022-07-02 20:32:14.158580,Продукты,Казань,5873,5,1174.6
2022-07-03 20:32:14.158580,Продукты,Москва,7585,1,7585.0
2022-07-04 20:32:14.158580,Одежда,Санкт-Петербург,2715,17,159.71
2022-07-05 20:32:14.158580,Мебель,Екатеринбург,8485,22,385.68
2022-07-06 20:32:14.158580,Мебель,Москва,5983,34,175.97
2022-07-07 20:32:14.158580,Продукты,Казань,3739,45,83.09
2022-07-08 20:32:14.158580,Мебель,Санкт-Петербург,5043,41,123.0
2022-07-09 20:32:14.158580,Мебель,Москва,6276,29,216.41
2022-07-10 20:32:14.158580,Электроника,Новосибирск,5317,4,1329.25
2022-07-11 20:32:14.158580,Продукты,Екатеринбург,6247,5,1249.4
2022-07-12 20:32:14.158580,Книги,Москва,3333,11,303.0
2022-07-13 20:32:14.158580,Продукты,Санкт-Петербург,5518,21,262.76
2022-07-14 20:32:14.158580,Книги,Новосибирск,2357,35,67.34
2022-07-15 20:32:14.158580,Электроника,Санкт-Петербург,4967,12,413.92
2022-07-16 20:32:14.158580,Одежда,Санкт-Петербург,3387,26,130.27
2022-07-17 20:32:14.158580,Мебель,Новосибирск,3728,19,196.21
2022-07-18 20:32:14.158580,Электроника,Санкт-Петербург,7677,45,170.6
2022-07-19 20:32:14.158580,Мебель,Новосибирск,7392,7,1056.0
2022-07-20 20:32:14.158580,Одежда,Москва,6433,47,136.87
2022-07-21 20:32:14.158580,Одежда,Новосибирск,3035,7,433.57
2022-07-22 20:32:14.158580,Электроника,Новосибирск,4592,26,176.62
2022-07-23 20:32:14.158580,Одежда,Екатеринбург,7656,40,191.4
2022-07-24 20:32:14.158580,Книги,Новосибирск,5518,5,1103.6
2022-07-25 20:32:14.158580,Одежда,Новосибирск,9878,21,470.38
2022-07-26 20:32:14.158580,Мебель,Москва,6031,14,430.79
2022-07-27 20:32:14.158580,Мебель,Екатеринбург,5634,4,1408.5
2022-07-28 20:32:14.158580,Мебель,Казань,4636,23,201.57
2022-07-29 20:32:14.158580,Мебель,Москва,5527,42,131.6
2022-07-30 20:32:14.158580,Книги,Москва,4960,20,248.0
2022-07-31 20:32:14.158580,Продукты,Казань,6686,15,445.73
2022-08-01 20:32:14.158580,Электроника,Новосибирск,6821,45,151.58
2022-08-02 20:32:14.158580,Мебель,Санкт-Петербург,3341,29,115.21
2022-08-03 20:32:14.158580,Одежда,Екатеринбург,2255,8,281.88
2022-08-04 20:32:14.158580,Мебель,Санкт-Петербург,1250,41,30.49
2022-08-05 20:32:14.158580,Одежда,Казань,5943,48,123.81
2022-08-06 20:32:14.158580,Одежда,Москва,2726,19,143.47
2022-08-07 20:32:14.158580,Мебель,Москва,632,48,13.17
2022-08-08 20:32:14.158580,Книги,Екатеринбург,5720,39,146.67
2022-08-09 20:32:14.158580,Одежда,Москва,9933,46,215.93
2022-08-10 20:32:14.158580,Одежда,Москва,4940,28,176.43
2022-08-11 20:32:14.158580,Мебель,Екатеринбург,6634,46,144.22
2022-08-12 20:32:14.158580,Одежда,Екатеринбург,5126,27,189.85
2022-08-13 20:32:14.158580,Одежда,Казань,4770,4,1192.5
2022-08-14 20:32:14.158580,Мебель,Москва,6811,15,454.07
2022-08-15 20:32:14.158580,Мебель,Москва,4397,35,125.63
2022-08-16 20:32:14.158580,Электроника,Казань,5517,37,149.11
2022-08-17 20:32:14.158580,Книги,Новосибирск,5631,1,5631.0
2022-08-18 20:32:14.158580,Книги,Новосибирск,3656,3,1218.67
2022-08-19 20:32:14.158580,Одежда,Новосибирск,6982,47,148.55
2022-08-20 20:32:14.158580,Книги,Казань,4653,24,193.88
2022-08-21 20:32:14.158580,Одежда,Москва,3496,27,129.48
2022-08-22 20:32:14.158580,Электроника,Казань,6086,40,152.15
2022-08-23 20:32:14.158580,Мебель,Казань,3221,36,89.47
2022-08-24 20:32:14.158580,Мебель,Новосибирск,5079,34,149.38
2022-08-25 20:32:14.158580,Мебель,Санкт-Петербург,5009,29,172.72
2022-08-26 20:32:14.158580,Книги,Москва,7204,24,300.17
2022-08-27 20:32:14.158580,Электроника,Новосибирск,5987,24,249.46
2022-08-28 20:32:14.158580,Книги,Санкт-Петербург,4992,42,118.86
2022-08-29 20:32:14.158580,Книги,Санкт-Петербург,6683,4,1670.75
2022-08-30 20:32:14.158580,Электроника,Екатеринбург,7833,3,2611.0
2022-08-31 20:32:14.158580,Электроника,Москва,6173,34,181.56
2022-09-01 20:32:14.158580,Электроника,Санкт-Петербург,4950,49,101.02
2022-09-02 20:32:14.158580,Электроника,Новосибирск,2311,23,100.48
2022-09-03 20:32:14.158580,Мебель,Екатеринбург,2809,23,122.13
2022-09-04 20:32:14.158580,Продукты,Москва,4334,45,96.31
2022-09-05 20:32:14.158580,Продукты,Казань,3730,5,746.0
2022-09-06 20:32:14.158580,Электроника,Новосибирск,4581,31,147.77
2022-09-07 20:32:14.158580,Продукты,Санкт-Петербург,5073,41,123.73
2022-09-08 20:32:14.158580,Продукты,Санкт-Петербург,6024,6,1004.0
2022-09-09 20:32:14.158580,Электроника,Новосибирск,4829,37,130.51
2022-09-10 20:32:14.158580,Продукты,Санкт-Петербург,5948,10,594.8
2022-09-11 20:32:14.158580,Книги,Екатеринбург,5108,40,127.7
2022-09-12 20:32:14.158580,Одежда,Москва,1034,7,147.71
2022-09-13 20:32:14.158580,Одежда,Екатеринбург,3111,39,79.77
2022-09-14 20:32:14.158580,Электроника,Санкт-Петербург,4706,38,123.84
2022-09-15 20:32:14.158580,Мебель,Казань,2580,21,122.86
2022-09-16 20:32:14.158580,Электроника,Москва,6204,20,310.2
2022-09-17 20:32:14.158580,Мебель,Москва,8071,3,2690.33
2022-09-18 20:32:14.158580,Одежда,Новосибирск,7452,22,338.73
2022-09-19 20:32:14.158580,Электроника,Новосибирск,4593,47,97.72
2022-09-20 20:32:14.158580,Книги,Казань,8006,4,2001.5
2022-09-21 20:32:14.158580,Продукты,Москва,5327,28,190.25
2022-09-22 20:32:14.158580,Мебель,Казань,4360,12,363.33
2022-09-23 20:32:14.158580,Продукты,Новосибирск,3813,38,100.34
2022-09-24 20:32:14.158580,Продукты,Новосибирск,4440,36,123.33
2022-09-25 20:32:14.158580,Электроника,Москва,4273,47,90.91
2022-09-26 20:32:14.158580,Продукты,Екатеринбург,5395,41,131.59
2022-09-27 20:32:14.158580,Книги,Санкт-Петербург,5381,5,1076.2
2022-09-28 20:32:14.158580,Продукты,Новосибирск,5071,13,390.08
2022-09-29 20:32:14.158580,Электроника,Новосибирск,5943,23,258.39
2022-09-30 20:32:14.158580,Книги,Екатеринбург,7456,30,248.53
2022-10-01 20:32:14.158580,Одежда,Екатеринбург,7112,37,192.22
2022-10-02 20:32:14.158580,Продукты,Казань,2248,25,89.92
2022-10-03 20:32:14.158580,Электроника,Казань,117,48,2.44
2022-10-04 20:32:14.158580,Одежда,Санкт-Петербург,7096,27,262.81
2022-10-05 20:32:14.158580,Одежда,Санкт-Петербург,2499,14,178.5
2022-10-06 20:32:14.158580,Мебель,Москва,4788,48,99.75
2022-10-07 20:32:14.158580,Книги,Казань,2902,47,61.74
2022-10-08 20:32:14.158580,Продукты,Новосибирск,1644,36,45.67
2022-10-09 20:32:14.158580,Электроника,Казань,6335,39,162.44
2022-10-10 20:32:14.158580,Мебель,Новосибирск,6776,16,423.5
2022-10-11 20:32:14.158580,Книги,Екатеринбург,4109,22,186.77
2022-10-12 20:32:14.158580,Мебель,Казань,87,21,4.14
2022-10-13 20:32:14.158580,Книги,Екатеринбург,4180,21,199.05
2022-10-14 20:32:14.158580,Книги,Санкт-Петербург,6061,8,757.62
2022-10-15 20:32:14.158580,Продукты,Санкт-Петербург,2325,49,47.45
2022-10-16 20:32:14.158580,Книги,Москва,5654,16,353.38
2022-10-17 20:32:14.158580,Мебель,Казань,5262,31,169.74
2022-10-18 20:32:14.158580,Книги,Екатеринбург,6456,42,153.71
2022-10-19 20:32:14.158580,Продукты,Новосибирск,5542,10,554.2
2022-10-20 20:32:14.158580,Продукты,Санкт-Петербург,3361,32,105.03
2022-10-21 20:32:14.158580,Мебель,Санкт-Петербург,7706,34,226.65
2022-10-22 20:32:14.158580,Одежда,Новосибирск,5000,9,555.56
2022-10-23 20:32:14.158580,Одежда,Екатеринбург,5268,17,309.88
2022-10-24 20:32:14.158580,Книги,Екатеринбург,3461,11,314.64
2022-10-25 20:32:14.158580,Электроника,Казань,4446,32,138.94
2022-10-26 20:32:14.158580,Книги,Казань,3568,10,356.8
2022-10-27 20:32:14.158580,Мебель,Москва,4997,22,227.14
2022-10-28 20:32:14.158580,Мебель,Санкт-Петербург,8771,17,515.94
2022-10-29 20:32:14.158580,Мебель,Казань,2609,4,652.25
2022-10-30 20:32:14.158580,Мебель,Екатеринбург,2130,48,44.38
2022-10-31 20:32:14.158580,Мебель,Новосибирск,8305,47,176.7
2022-11-01 20:32:14.158580,Продукты,Екатеринбург,5316,25,212.64
2022-11-02 20:32:14.158580,Одежда,Санкт-Петербург,4400,21,209.52
2022-11-03 20:32:14.158580,Мебель,Екатеринбург,7824,37,211.46
2022-11-04 20:32:14.158580,Электроника,Москва,4537,38,119.39
2022-11-05 20:32:14.158580,Электроника,Санкт-Петербург,9407,49,191.98
2022-11-06 20:32:14.158580,Электроника,Новосибирск,7115,1,7115.0
2022-11-07 20:32:14.158580,Электроника,Москва,4788,25,191.52
2022-11-08 20:32:14.158580,Продукты,Санкт-Петербург,10084,36,280.11
2022-11-09 20:32:14.158580,Электроника,Новосибирск,4562,17,268.35
2022-11-10 20:32:14.158580,Мебель,Москва,7264,41,177.17
2022-11-11 20:32:14.158580,Книги,Москва,6383,24,265.96
2022-11-12 20:32:14.158580,Электроника,Санкт-Петербург,8393,2,4196.5
2022-11-13 20:32:14.158580,Продукты,Казань,8918,40,222.95
2022-11-14 20:32:14.158580,Продукты,Москва,5864,15,390.93
2022-11-15 20:32:14.158580,Электроника,Москва,4297,32,134.28
2022-11-16 20:32:14.158580,Книги,Новосибирск,6729,39,172.54
2022-11-17 20:32:14.158580,Электроника,Екатеринбург,4458,6,743.0
2022-11-18 20:32:14.158580,Продукты,Санкт-Петербург,9846,1,9846.0
2022-11-19 20:32:14.158580,Одежда,Санкт-Петербург,6098,47,129.74
2022-11-20 20:32:14.158580,Мебель,Казань,5099,23,221.7
2022-11-21 20:32:14.158580,Продукты,Казань,6204,39,159.08
2022-11-22 20:32:14.158580,Электроника,Санкт-Петербург,3144,17,184.94
2022-11-23 20:32:14.158580,Мебель,Казань,3900,34,114.71
2022-11-24 20:32:14.158580,Электроника,Новосибирск,8250,41,201.22
2022-11-25 20:32:14.158580,Электроника,Санкт-Петербург,4540,29,156.55
2022-11-26 20:32:14.158580,Одежда,Казань,3765,9,418.33
2022-11-27 20:32:14.158580,Мебель,Санкт-Петербург,6938,13,533.69
2022-11-28 20:32:14.158580,Мебель,Екатеринбург,8241,6,1373.5
2022-11-29 20:32:14.158580,Одежда,Москва,7312,6,1218.67
2022-11-30 20:32:14.158580,Продукты,Санкт-Петербург,7872,20,393.6
2022-12-01 20:32:14.158580,Электроника,Москва,4871,3,1623.67
2022-12-02 20:32:14.158580,Книги,Казань,3546,17,208.59
2022-12-03 20:32:14.158580,Электроника,Москва,9397,49,191.78
2022-12-04 20:32:14.158580,Электроника,Санкт-Петербург,5754,12,479.5
2022-12-05 20:32:14.158580,Продукты,Екатеринбург,5903,48,122.98
2022-12-06 20:32:14.158580,Электроника,Казань,9066,47,192.89
2022-12-07 20:32:14.158580,Одежда,Санкт-Петербург,7527,45,167.27
2022-12-08 20:32:14.158580,Одежда,Казань,7331,1,7331.0
2022-12-09 20:32:14.158580,Мебель,Новосибирск,10755,17,632.65
2022-12-10 20:32:14.158580,Книги,Москва,5142,3,1714.0
2022-12-11 20:32:14.158580,Электроника,Новосибирск,8290,26,318.85
2022-12-12 20:32:14.158580,Электроника,Санкт-Петербург,6554,15,436.93
2022-12-13 20:32:14.158580,Продукты,Екатеринбург,6982,36,193.94
2022-12-14 20:32:14.158580,Одежда,Казань,9506,32,297.06
2022-12-15 20:32:14.158580,Книги,Москва,7470,32,233.44
2022-12-16 20:32:14.158580,Мебель,Казань,7536,4,1884.0
2022-12-17 20:32:14.158580,Одежда,Санкт-Петербург,8610,18,478.33
2022-12-18 20:32:14.158580,Мебель,Казань,5740,49,117.14
2022-12-19 20:32:14.158580,Продукты,Москва,4796,19,252.42
2022-12-20 20:32:14.158580,Продукты,Санкт-Петербург,4390,43,102.09
2022-12-21 20:32:14.158580,Электроника,Казань,2551,35,72.89
2022-12-22 20:32:14.158580,Книги,Екатеринбург,10602,40,265.05
2022-12-23 20:32:14.158580,Мебель,Санкт-Петербург,4288,14,306.29
2022-12-24 20:32:14.158580,Одежда,Санкт-Петербург,6057,33,183.55
2022-12-25 20:32:14.158580,Продукты,Екатеринбург,5951,14,425.07
2022-12-26 20:32:14.158580,Электроника,Новосибирск,7124,34,209.53
2022-12-27 20:32:14.158580,Электроника,Москва,8146,4,2036.5
2022-12-28 20:32:14.158580,Мебель,Новосибирск,8240,24,343.33
2022-12-29 20:32:14.158580,Продукты,Казань,5358,29,184.76
2022-12-30 20:32:14.158580,Книги,Екатеринбург,6195,19,326.05
2022-12-31 20:32:14.158580,Продукты,Новосибирск,7100,6,1183.33
2023-01-01 20:32:14.158580,Мебель,Санкт-Петербург,6542,33,198.24
2023-01-02 20:32:14.158580,Мебель,Казань,10259,49,209.37
2023-01-03 20:32:14.158580,Продукты,Казань,8031,40,200.78
2023-01-04 20:32:14.158580,Мебель,Новосибирск,8524,19,448.63
2023-01-05 20:32:14.158580,Продукты,Новосибирск,8385,1,8385.0
2023-01-06 20:32:14.158580,Одежда,Екатеринбург,9411,5,1882.2
2023-01-07 20:32:14.158580,Продукты,Москва,7432,27,275.26
2023-01-08 20:32:14.158580,Продукты,Новосибирск,4481,16,280.06
2023-01-09 20:32:14.158580,Мебель,Новосибирск,7879,6,1313.17
2023-01-10 20:32:14.158580,Мебель,Санкт-Петербург,5782,40,144.55
2023-01-11 20:32:14.158580,Электроника,Казань,6032,13,464.0
2023-01-12 20:32:14.158580,Электроника,Москва,8267,48,172.23
2023-01-13 20:32:14.158580,Одежда,Санкт-Петербург,9576,35,273.6
2023-01-14 20:32:14.158580,Электроника,Екатеринбург,7147,19,376.16
2023-01-15 20:32:14.158580,Продукты,Екатеринбург,7727,12,643.92
2023-01-16 20:32:14.158580,Мебель,Новосибирск,10519,16,657.44
2023-01-17 20:32:14.158580,Электроника,Новосибирск,7601,43,176.77
2023-01-18 20:32:14.158580,Электроника,Екатеринбург,12328,10,1232.8
2023-01-19 20:32:14.158580,Одежда,Новосибирск,8261,25,330.44
2023-01-20 20:32:14.158580,Одежда,Москва,3613,20,180.65
2023-01-21 20:32:14.158580,Продукты,Новосибирск,8646,31,278.9
2023-01-22 20:32:14.158580,Мебель,Казань,7907,4,1976.75
2023-01-23 20:32:14.158580,Одежда,Новосибирск,9729,44,221.11
2023-01-24 20:32:14.158580,Электроника,Санкт-Петербург,8501,23,369.61
2023-01-25 20:32:14.158580,Мебель,Москва,6883,2,3441.5
2023-01-26 20:32:14.158580,Мебель,Санкт-Петербург,4716,22,214.36
2023-01-27 20:32:14.158580,Электроника,Санкт-Петербург,6751,37,182.46
2023-01-28 20:32:14.158580,Одежда,Казань,5473,8,684.12
2023-01-29 20:32:14.158580,Электроника,Москва,6018,7,859.71
2023-01-30 20:32:14.158580,Мебель,Москва,8362,14,597.29
2023-01-31 20:32:14.158580,Книги,Москва,10529,3,3509.67
2023-02-01 20:32:14.158580,Книги,Москва,8350,16,521.88
2023-02-02 20:32:14.158580,Продукты,Москва,5174,19,272.32
2023-02-03 20:32:14.158580,Электроника,Казань,8460,18,470.0
2023-02-04 20:32:14.158580,Электроника,Новосибирск,9969,16,623.06
2023-02-05 20:32:14.158580,Продукты,Санкт-Петербург,6361,8,795.12
2023-02-06 20:32:14.158580,Продукты,Москва,7317,33,221.73
2023-02-07 20:32:14.158580,Продукты,Новосибирск,7620,49,155.51
2023-02-08 20:32:14.158580,Мебель,Новосибирск,6026,12,502.17
2023-02-09 20:32:14.158580,Электроника,Санкт-Петербург,8897,11,808.82
2023-02-10 20:32:14.158580,Мебель,Казань,7364,5,1472.8
2023-02-11 20:32:14.158580,Продукты,Екатеринбург,8450,27,312.96
2023-02-12 20:32:14.158580,Электроника,Екатеринбург,5841,12,486.75
2023-02-13 20:32:14.158580,Мебель,Новосибирск,6746,17,396.82
2023-02-14 20:32:14.158580,Мебель,Санкт-Петербург,9070,6,1511.67
2023-02-15 20:32:14.158580,Продукты,Екатеринбург,6885,33,208.64
2023-02-16 20:32:14.158580,Электроника,Новосибирск,11089,5,2217.8
2023-02-17 20:32:14.158580,Продукты,Казань,6841,28,244.32
2023-02-18 20:32:14.158580,Электроника,Екатеринбург,8095,14,578.21
2023-02-19 20:32:14.158580,Книги,Новосибирск,9516,5,1903.2
2023-02-20 20:32:14.158580,Одежда,Новосибирск,4819,33,146.03
2023-02-21 20:32:14.158580,Одежда,Москва,4139,48,86.23
2023-02-22 20:32:14.158580,Одежда,Казань,4614,41,112.54
2023-02-23 20:32:14.158580,Продукты,Москва,10196,19,536.63
2023-02-24 20:32:14.158580,Книги,Санкт-Петербург,6572,22,298.73
2023-02-25 20:32:14.158580,Электроника,Москва,12797,5,2559.4
2023-02-26 20:32:14.158580,Мебель,Москва,6557,2,3278.5
2023-02-27 20:32:14.158580,Электроника,Екатеринбург,8060,30,268.67
2023-02-28 20:32:14.158580,Мебель,Новосибирск,10780,47,229.36
2023-03-01 20:32:14.158580,Электроника,Казань,11847,39,303.77
2023-03-02 20:32:14.158580,Книги,Москва,11963,4,2990.75
2023-03-03 20:32:14.158580,Мебель,Казань,10261,33,310.94
2023-03-04 20:32:14.158580,Продукты,Москва,9898,13,761.38
2023-03-05 20:32:14.158580,Электроника,Санкт-Петербург,9040,20,452.0
2023-03-06 20:32:14.158580,Электроника,Москва,9416,7,1345.14
2023-03-07 20:32:14.158580,Мебель,Екатеринбург,6762,15,450.8
2023-03-08 20:32:14.158580,Продукты,Новосибирск,6233,23,271.0
2023-03-09 20:32:14.158580,Продукты,Санкт-Петербург,7868,14,562.0
2023-03-10 20:32:14.158580,Книги,Москва,7539,23,327.78
2023-03-11 20:32:14.158580,Продукты,Казань,6978,19,367.26
2023-03-12 20:32:14.158580,Продукты,Санкт-Петербург,9282,29,320.07
2023-03-13 20:32:14.158580,Продукты,Санкт-Петербург,9805,20,490.25
2023-03-14 20:32:14.158580,Одежда,Москва,8076,29,278.48
2023-03-15 20:32:14.158580,Книги,Санкт-Петербург,10860,24,452.5
2023-03-16 20:32:14.158580,Электроника,Казань,5626,18,312.56
2023-03-17 20:32:14.158580,Мебель,Санкт-Петербург,7527,10,752.7
2023-03-18 20:32:14.158580,Электроника,Казань,6486,41,158.2
2023-03-19 20:32:14.158580,Книги,Москва,4191,8,523.88
2023-03-20 20:32:14.158580,Мебель,Новосибирск,7764,26,298.62
2023-03-21 20:32:14.158580,Книги,Санкт-Петербург,7691,29,265.21
2023-03-22 20:32:14.158580,Продукты,Новосибирск,10966,10,1096.6
2023-03-23 20:32:14.158580,Мебель,Казань,9206,17,541.53
2023-03-24 20:32:14.158580,Продукты,Санкт-Петербург,5901,2,2950.5
2023-03-25 20:32:14.158580,Электроника,Екатеринбург,11663,6,1943.83
2023-03-26 20:32:14.158580,Электроника,Новосибирск,10402,5,2080.4
2023-03-27 20:32:14.158580,Мебель,Санкт-Петербург,9129,28,326.04
2023-03-28 20:32:14.158580,Мебель,Новосибирск,7517,41,183.34
2023-03-29 20:32:14.158580,Книги,Санкт-Петербург,6056,5,1211.2
2023-03-30 20:32:14.158580,Книги,Москва,7235,18,401.94
2023-03-31 20:32:14.158580,Продукты,Новосибирск,10162,26,390.85
2023-04-01 20:32:14.158580,Мебель,Екатеринбург,11625,20,581.25
2023-04-02 20:32:14.158580,Электроника,Екатеринбург,10947,41,267.0
2023-04-03 20:32:14.158580,Книги,Казань,6888,49,140.57
2023-04-04 20:32:14.158580,Книги,Санкт-Петербург,5631,27,208.56
2023-04-05 20:32:14.158580,Электроника,Новосибирск,8157,49,166.47
2023-04-06 20:32:14.158580,Книги,Казань,4344,12,362.0
2023-04-07 20:32:14.158580,Продукты,Новосибирск,8532,7,1218.86
2023-04-08 20:32:14.158580,Мебель,Санкт-Петербург,7595,3,2531.67
2023-04-09 20:32:14.158580,Электроника,Екатеринбург,6963,10,696.3
2023-04-10 20:32:14.158580,Мебель,Москва,4711,34,138.56
2023-04-11 20:32:14.158580,Книги,Екатеринбург,8933,25,357.32
2023-04-12 20:32:14.158580,Книги,Казань,6845,35,195.57
2023-04-13 20:32:14.158580,Электроника,Москва,5576,16,348.5
2023-04-14 20:32:14.158580,Продукты,Казань,2177,2,1088.5
2023-04-15 20:32:14.158580,Одежда,Санкт-Петербург,7870,24,327.92
2023-04-16 20:32:14.158580,Электроника,Москва,11475,10,1147.5
2023-04-17 20:32:14.158580,Одежда,Казань,11258,38,296.26
2023-04-18 20:32:14.158580,Одежда,Санкт-Петербург,7026,22,319.36
2023-04-19 20:32:14.158580,Продукты,Екатеринбург,6741,26,259.27
2023-04-20 20:32:14.158580,Одежда,Санкт-Петербург,8888,43,206.7
2023-04-21 20:32:14.158580,Одежда,Новосибирск,5959,39,152.79
2023-04-22 20:32:14.158580,Продукты,Санкт-Петербург,8564,27,317.19
2023-04-23 20:32:14.158580,Одежда,Санкт-Петербург,9498,29,327.52
2023-04-24 20:32:14.158580,Одежда,Новосибирск,10424,47,221.79
2023-04-25 20:32:14.158580,Одежда,Казань,7775,38,204.61
2023-04-26 20:32:14.158580,Электроника,Казань,7573,20,378.65
2023-04-27 20:32:14.158580,Электроника,Санкт-Петербург,6230,27,230.74
2023-04-28 20:32:14.158580,Электроника,Новосибирск,6337,41,154.56
2023-04-29 20:32:14.158580,Продукты,Новосибирск,7543,20,377.15
2023-04-30 20:32:14.158580,Книги,Екатеринбург,8735,44,198.52
2023-05-01 20:32:14.158580,Одежда,Казань,9467,19,498.26
2023-05-02 20:32:14.158580,Одежда,Москва,6038,20,301.9
2023-05-03 20:32:14.158580,Продукты,Казань,10635,35,303.86
2023-05-04 20:32:14.158580,Одежда,Казань,7112,47,151.32
2023-05-05 20:32:14.158580,Электроника,Екатеринбург,7617,2,3808.5
2023-05-06 20:32:14.158580,Книги,Москва,6170,30,205.67
2023-05-07 20:32:14.158580,Мебель,Екатеринбург,2821,34,82.97
2023-05-08 20:32:14.158580,Одежда,Москва,9443,22,429.23
2023-05-09 20:32:14.158580,Электроника,Санкт-Петербург,9153,3,3051.0
2023-05-10 20:32:14.158580,Мебель,Москва,7122,6,1187.0
2023-05-11 20:32:14.158580,Книги,Екатеринбург,7823,15,521.53
2023-05-12 20:32:14.158580,Мебель,Казань,8726,27,323.19
2023-05-13 20:32:14.158580,Электроника,Москва,4574,10,457.4
2023-05-14 20:32:14.158580,Мебель,Москва,6646,9,738.44
2023-05-15 20:32:14.158580,Продукты,Новосибирск,9298,33,281.76
2023-05-16 20:32:14.158580,Мебель,Казань,5206,32,162.69
2023-05-17 20:32:14.158580,Одежда,Санкт-Петербург,8307,48,173.06
2023-05-18 20:32:14.158580,Одежда,Екатеринбург,5011,6,835.17
2023-05-19 20:32:14.158580,Продукты,Санкт-Петербург,8662,41,211.27
2023-05-20 20:32:14.158580,Электроника,Казань,7663,36,212.86
2023-05-21 20:32:14.158580,Одежда,Москва,4509,2,2254.5
2023-05-22 20:32:14.158580,Книги,Москва,10074,29,347.38
2023-05-23 20:32:14.158580,Одежда,Казань,6280,4,1570.0
2023-05-24 20:32:14.158580,Одежда,Москва,6134,1,6134.0
2023-05-25 20:32:14.158580,Электроника,Москва,8161,19,429.53
2023-05-26 20:32:14.158580,Мебель,Москва,10062,26,387.0
2023-05-27 20:32:14.158580,Одежда,Екатеринбург,5738,25,229.52
2023-05-28 20:32:14.158580,Продукты,Екатеринбург,7898,10,789.8
2023-05-29 20:32:14.158580,Мебель,Новосибирск,8637,15,575.8
2023-05-30 20:32:14.158580,Книги,Санкт-Петербург,9171,22,416.86
2023-05-31 20:32:14.158580,Электроника,Казань,8142,48,169.62
2023-06-01 20:32:14.158580,Книги,Казань,6560,21,312.38
2023-06-02 20:32:14.158580,Мебель,Казань,5644,22,256.55
2023-06-03 20:32:14.158580,Мебель,Новосибирск,7477,36,207.69
2023-06-04 20:32:14.158580,Мебель,Екатеринбург,5165,34,151.91
2023-06-05 20:32:14.158580,Книги,Новосибирск,1474,30,49.13
2023-06-06 20:32:14.158580,Мебель,Казань,8193,25,327.72
2023-06-07 20:32:14.158580,Книги,Санкт-Петербург,9132,45,202.93
2023-06-08 20:32:14.158580,Мебель,Москва,2604,28,93.0
2023-06-09 20:32:14.158580,Продукты,Екатеринбург,5315,1,5315.0
2023-06-10 20:32:14.158580,Мебель,Екатеринбург,8578,49,175.06
2023-06-11 20:32:14.158580,Книги,Новосибирск,11459,45,254.64
2023-06-12 20:32:14.158580,Одежда,Екатеринбург,7391,4,1847.75
2023-06-13 20:32:14.158580,Мебель,Казань,5898,7,842.57
2023-06-14 20:32:14.158580,Одежда,Казань,6994,49,142.73
2023-06-15 20:32:14.158580,Продукты,Новосибирск,10114,9,1123.78
2023-06-16 20:32:14.158580,Электроника,Казань,6078,36,168.83
2023-06-17 20:32:14.158580,Продукты,Санкт-Петербург,5776,19,304.0
2023-06-18 20:32:14.158580,Мебель,Новосибирск,6414,1,6414.0
2023-06-19 20:32:14.158580,Одежда,Санкт-Петербург,5478,10,547.8
2023-06-20 20:32:14.158580,Одежда,Москва,7635,36,212.08
2023-06-21 20:32:14.158580,Книги,Санкт-Петербург,10644,9,1182.67
2023-06-22 20:32:14.158580,Одежда,Москва,8046,45,178.8
2023-06-23 20:32:14.158580,Книги,Москва,6900,46,150.0
2023-06-24 20:32:14.158580,Электроника,Санкт-Петербург,6826,42,162.52
2023-06-25 20:32:14.158580,Мебель,Новосибирск,4288,32,134.0
2023-06-26 20:32:14.158580,Книги,Казань,9186,32,287.06
2023-06-27 20:32:14.158580,Электроника,Казань,7269,6,1211.5
2023-06-28 20:32:14.158580,Одежда,Москва,7069,48,147.27
2023-06-29 20:32:14.158580,Одежда,Москва,13821,38,363.71
2023-06-30 20:32:14.158580,Электроника,Новосибирск,8037,17,472.76
2023-07-01 20:32:14.158580,Одежда,Екатеринбург,5441,10,544.1
2023-07-02 20:32:14.158580,Электроника,Санкт-Петербург,6097,27,225.81
2023-07-03 20:32:14.158580,Книги,Москва,9251,35,264.31
2023-07-04 20:32:14.158580,Книги,Казань,7186,21,342.19
2023-07-05 20:32:14.158580,Электроника,Новосибирск,4088,25,163.52
2023-07-06 20:32:14.158580,Книги,Санкт-Петербург,8808,28,314.57
2023-07-07 20:32:14.158580,Книги,Новосибирск,5638,47,119.96
2023-07-08 20:32:14.158580,Книги,Санкт-Петербург,10726,15,715.07
2023-07-09 20:32:14.158580,Продукты,Санкт-Петербург,9145,4,2286.25
2023-07-10 20:32:14.158580,Мебель,Москва,6095,29,210.17
2023-07-11 20:32:14.158580,Одежда,Новосибирск,9557,9,1061.89
2023-07-12 20:32:14.158580,Продукты,Новосибирск,7135,27,264.26
2023-07-13 20:32:14.158580,Книги,Казань,8710,26,335.0
2023-07-14 20:32:14.158580,Электроника,Казань,7979,19,419.95
2023-07-15 20:32:14.158580,Книги,Москва,5322,28,190.07
2023-07-16 20:32:14.158580,Мебель,Москва,5732,17,337.18
2023-07-17 20:32:14.158580,Книги,Екатеринбург,9084,43,211.26
2023-07-18 20:32:14.158580,Электроника,Казань,6360,41,155.12
2023-07-19 20:32:14.158580,Мебель,Санкт-Петербург,6227,42,148.26
2023-07-20 20:32:14.158580,Книги,Новосибирск,5129,20,256.45
2023-07-21 20:32:14.158580,Мебель,Москва,7892,45,175.38
2023-07-22 20:32:14.158580,Одежда,Новосибирск,11175,40,279.38
2023-07-23 20:32:14.158580,Одежда,Новосибирск,4919,39,126.13
2023-07-24 20:32:14.158580,Книги,Екатеринбург,7108,49,145.06
2023-07-25 20:32:14.158580,Мебель,Казань,9889,23,429.96
2023-07-26 20:32:14.158580,Электроника,Москва,6910,47,147.02
2023-07-27 20:32:14.158580,Книги,Новосибирск,7979,32,249.34
2023-07-28 20:32:14.158580,Одежда,Москва,4955,47,105.43
2023-07-29 20:32:14.158580,Одежда,Санкт-Петербург,7941,33,240.64
2023-07-30 20:32:14.158580,Книги,Екатеринбург,6715,46,145.98
2023-07-31 20:32:14.158580,Мебель,Санкт-Петербург,9066,5,1813.2
2023-08-01 20:32:14.158580,Одежда,Москва,9107,43,211.79
2023-08-02 20:32:14.158580,Мебель,Москва,11917,48,248.27
2023-08-03 20:32:14.158580,Одежда,Казань,7902,34,232.41
2023-08-04 20:32:14.158580,Одежда,Новосибирск,7399,40,184.98
2023-08-05 20:32:14.158580,Продукты,Новосибирск,7141,11,649.18
2023-08-06 20:32:14.158580,Одежда,Санкт-Петербург,6051,3,2017.0
2023-08-07 20:32:14.158580,Электроника,Екатеринбург,7439,33,225.42
2023-08-08 20:32:14.158580,Книги,Новосибирск,6177,11,561.55
2023-08-09 20:32:14.158580,Книги,Казань,7109,16,444.31
2023-08-10 20:32:14.158580,Мебель,Санкт-Петербург,9413,18,522.94
2023-08-11 20:32:14.158580,Одежда,Санкт-Петербург,4769,30,158.97
2023-08-12 20:32:14.158580,Электроника,Казань,9067,48,188.9
2023-08-13 20:32:14.158580,Мебель,Екатеринбург,9427,10,942.7
2023-08-14 20:32:14.158580,Продукты,Казань,6561,18,364.5
2023-08-15 20:32:14.158580,Мебель,Екатеринбург,2559,38,67.34
2023-08-16 20:32:14.158580,Мебель,Казань,5592,19,294.32
2023-08-17 20:32:14.158580,Одежда,Казань,9406,36,261.28
2023-08-18 20:32:14.158580,Продукты,Москва,6772,13,520.92
2023-08-19 20:32:14.158580,Мебель,Санкт-Петербург,4824,46,104.87
2023-08-20 20:32:14.158580,Электроника,Казань,5818,3,1939.33
2023-08-21 20:32:14.158580,Электроника,Казань,8514,10,851.4
2023-08-22 20:32:14.158580,Книги,Новосибирск,7931,38,208.71
2023-08-23 20:32:14.158580,Продукты,Санкт-Петербург,6365,1,6365.0
2023-08-24 20:32:14.158580,Продукты,Новосибирск,6114,27,226.44
2023-08-25 20:32:14.158580,Книги,Санкт-Петербург,6069,46,131.93
2023-08-26 20:32:14.158580,Мебель,Новосибирск,5013,8,626.62
2023-08-27 20:32:14.158580,Продукты,Казань,10093,46,219.41
2023-08-28 20:32:14.158580,Электроника,Казань,6223,42,148.17
2023-08-29 20:32:14.158580,Электроника,Москва,9307,17,547.47
2023-08-30 20:32:14.158580,Одежда,Новосибирск,9920,9,1102.22
2023-08-31 20:32:14.158580,Продукты,Екатеринбург,8879,6,1479.83
2023-09-01 20:32:14.158580,Мебель,Москва,5891,43,137.0
2023-09-02 20:32:14.158580,Книги,Новосибирск,7567,25,302.68
2023-09-03 20:32:14.158580,Книги,Новосибирск,6716,39,172.21
2023-09-04 20:32:14.158580,Мебель,Москва,4962,49,101.27
2023-09-05 20:32:14.158580,Одежда,Казань,7423,28,265.11
2023-09-06 20:32:14.158580,Книги,Новосибирск,4421,33,133.97
2023-09-07 20:32:14.158580,Продукты,Казань,9160,37,247.57
2023-09-08 20:32:14.158580,Одежда,Москва,5860,9,651.11
2023-09-09 20:32:14.158580,Продукты,Казань,7197,18,399.83
2023-09-10 20:32:14.158580,Электроника,Санкт-Петербург,7366,21,350.76
2023-09-11 20:32:14.158580,Одежда,Екатеринбург,6287,2,3143.5
2023-09-12 20:32:14.158580,Книги,Новосибирск,7983,43,185.65
2023-09-13 20:32:14.158580,Одежда,Екатеринбург,5865,38,154.34
2023-09-14 20:32:14.158580,Одежда,Казань,8562,40,214.05
2023-09-15 20:32:14.158580,Одежда,Новосибирск,4133,36,114.81
2023-09-16 20:32:14.158580,Одежда,Казань,7082,43,164.7
2023-09-17 20:32:14.158580,Продукты,Санкт-Петербург,10712,37,289.51
2023-09-18 20:32:14.158580,Электроника,Москва,4839,15,322.6
2023-09-19 20:32:14.158580,Мебель,Новосибирск,5489,28,196.04
2023-09-20 20:32:14.158580,Одежда,Санкт-Петербург,7877,18,437.61
2023-09-21 20:32:14.158580,Книги,Санкт-Петербург,7214,34,212.18
2023-09-22 20:32:14.158580,Одежда,Новосибирск,7561,22,343.68
2023-09-23 20:32:14.158580,Книги,Казань,7843,11,713.0
2023-09-24 20:32:14.158580,Продукты,Санкт-Петербург,8139,13,626.08
2023-09-25 20:32:14.158580,Книги,Екатеринбург,9094,4,2273.5
2023-09-26 20:32:14.158580,Мебель,Санкт-Петербург,7699,22,349.95
2023-09-27 20:32:14.158580,Электроника,Казань,6402,7,914.57
2023-09-28 20:32:14.158580,Книги,Казань,8235,43,191.51
2023-09-29 20:32:14.158580,Книги,Екатеринбург,10694,24,445.58
2023-09-30 20:32:14.158580,Электроника,Санкт-Петербург,6634,4,1658.5
2023-10-01 20:32:14.158580,Мебель,Казань,5088,28,181.71
2023-10-02 20:32:14.158580,Одежда,Новосибирск,9257,15,617.13
2023-10-03 20:32:14.158580,Книги,Москва,6807,1,6807.0
2023-10-04 20:32:14.158580,Электроника,Москва,2707,3,902.33
2023-10-05 20:32:14.158580,Продукты,Москва,8752,14,625.14
2023-10-06 20:32:14.158580,Электроника,Санкт-Петербург,5992,38,157.68
2023-10-07 20:32:14.158580,Продукты,Екатеринбург,6886,1,6886.0
2023-10-08 20:32:14.158580,Мебель,Казань,7736,38,203.58
2023-10-09 20:32:14.158580,Одежда,Новосибирск,7458,38,196.26
2023-10-10 20:32:14.158580,Электроника,Новосибирск,8501,21,404.81
2023-10-11 20:32:14.158580,Книги,Санкт-Петербург,6217,48,129.52
2023-10-12 20:32:14.158580,Мебель,Москва,8119,29,279.97
2023-10-13 20:32:14.158580,Электроника,Санкт-Петербург,6578,5,1315.6
2023-10-14 20:32:14.158580,Книги,Екатеринбург,8580,49,175.1
2023-10-15 20:32:14.158580,Электроника,Екатеринбург,8338,10,833.8
2023-10-16 20:32:14.158580,Продукты,Казань,5242,28,187.21
2023-10-17 20:32:14.158580,Электроника,Казань,9289,21,442.33
2023-10-18 20:32:14.158580,Электроника,Екатеринбург,6051,7,864.43
2023-10-19 20:32:14.158580,Электроника,Екатеринбург,8744,3,2914.67
2023-10-20 20:32:14.158580,Мебель,Екатеринбург,7867,45,174.82
2023-10-21 20:32:14.158580,Электроника,Санкт-Петербург,10814,47,230.09
2023-10-22 20:32:14.158580,Книги,Екатеринбург,6696,20,334.8
2023-10-23 20:32:14.158580,Продукты,Новосибирск,6449,19,339.42
2023-10-24 20:32:14.158580,Продукты,Москва,7114,35,203.26
2023-10-25 20:32:14.158580,Электроника,Екатеринбург,6551,4,1637.75
2023-10-26 20:32:14.158580,Мебель,Москва,8762,5,1752.4
2023-10-27 20:32:14.158580,Мебель,Санкт-Петербург,3935,1,3935.0
2023-10-28 20:32:14.158580,Книги,Москва,5065,4,1266.25
2023-10-29 20:32:14.158580,Электроника,Санкт-Петербург,5042,12,420.17
2023-10-30 20:32:14.158580,Продукты,Новосибирск,9083,27,336.41
2023-10-31 20:32:14.158580,Мебель,Санкт-Петербург,10609,42,252.6
2023-11-01 20:32:14.158580,Электроника,Санкт-Петербург,7351,23,319.61
2023-11-02 20:32:14.158580,Мебель,Казань,7227,25,289.08
2023-11-03 20:32:14.158580,Мебель,Екатеринбург,7710,21,367.14
2023-11-04 20:32:14.158580,Продукты,Екатеринбург,9898,24,412.42
2023-11-05 20:32:14.158580,Одежда,Новосибирск,5724,25,228.96
2023-11-06 20:32:14.158580,Книги,Новосибирск,8061,45,179.13
2023-11-07 20:32:14.158580,Книги,Екатеринбург,9540,46,207.39
2023-11-08 20:32:14.158580,Продукты,Казань,8597,32,268.66
2023-11-09 20:32:14.158580,Мебель,Екатеринбург,7979,32,249.34
2023-11-10 20:32:14.158580,Электроника,Казань,9607,5,1921.4
2023-11-11 20:32:14.158580,Мебель,Новосибирск,2204,36,61.22
2023-11-12 20:32:14.158580,Продукты,Москва,8970,46,195.0
2023-11-13 20:32:14.158580,Книги,Новосибирск,6310,42,150.24
2023-11-14 20:32:14.158580,Мебель,Новосибирск,3962,49,80.86
2023-11-15 20:32:14.158580,Книги,Санкт-Петербург,8652,42,206.0
2023-11-16 20:32:14.158580,Электроника,Санкт-Петербург,10382,39,266.21
2023-11-17 20:32:14.158580,Книги,Санкт-Петербург,7365,16,460.31
2023-11-18 20:32:14.158580,Книги,Санкт-Петербург,9550,33,289.39
2023-11-19 20:32:14.158580,Одежда,Казань,10874,49,221.92
2023-11-20 20:32:14.158580,Одежда,Екатеринбург,10284,21,489.71
2023-11-21 20:32:14.158580,Одежда,Москва,10939,9,1215.44
2023-11-22 20:32:14.158580,Книги,Новосибирск,9149,6,1524.83
2023-11-23 20:32:14.158580,Продукты,Казань,7820,45,173.78
2023-11-24 20:32:14.158580,Книги,Москва,4470,35,127.71
2023-11-25 20:32:14.158580,Продукты,Казань,7187,39,184.28
2023-11-26 20:32:14.158580,Продукты,Казань,5997,22,272.59
2023-11-27 20:32:14.158580,Одежда,Новосибирск,12031,41,293.44
2023-11-28 20:32:14.158580,Мебель,Екатеринбург,7343,5,1468.6
2023-11-29 20:32:14.158580,Электроника,Санкт-Петербург,7946,42,189.19
2023-11-30 20:32:14.158580,Одежда,Екатеринбург,8807,23,382.91
2023-12-01 20:32:14.158580,Одежда,Новосибирск,8297,17,488.06
2023-12-02 20:32:14.158580,Мебель,Новосибирск,11605,12,967.08
2023-12-03 20:32:14.158580,Электроника,Новосибирск,6974,23,303.22
2023-12-04 20:32:14.158580,Книги,Москва,8614,16,538.38
2023-12-05 20:32:14.158580,Книги,Екатеринбург,6745,3,2248.33
2023-12-06 20:32:14.158580,Одежда,Екатеринбург,5594,30,186.47
2023-12-07 20:32:14.158580,Электроника,Казань,7016,22,318.91
2023-12-08 20:32:14.158580,Одежда,Казань,8170,9,907.78
2023-12-09 20:32:14.158580,Продукты,Казань,7391,29,254.86
2023-12-10 20:32:14.158580,Одежда,Новосибирск,6870,47,146.17
2023-12-11 20:32:14.158580,Одежда,Екатеринбург,5447,37,147.22
2023-12-12 20:32:14.158580,Книги,Новосибирск,8098,23,352.09
2023-12-13 20:32:14.158580,Книги,Москва,5260,13,404.62
2023-12-14 20:32:14.158580,Книги,Казань,9795,32,306.09
2023-12-15 20:32:14.158580,Продукты,Новосибирск,8444,46,183.57
2023-12-16 20:32:14.158580,Книги,Новосибирск,5369,47,114.23
2023-12-17 20:32:14.158580,Электроника,Москва,7671,48,159.81
2023-12-18 20:32:14.158580,Мебель,Санкт-Петербург,6790,23,295.22
2023-12-19 20:32:14.158580,Электроника,Екатеринбург,8938,45,198.62
2023-12-20 20:32:14.158580,Электроника,Санкт-Петербург,10985,17,646.18
2023-12-21 20:32:14.158580,Книги,Казань,4558,40,113.95
2023-12-22 20:32:14.158580,Мебель,Новосибирск,8545,21,406.9
2023-12-23 20:32:14.158580,Мебель,Москва,7999,2,3999.5
2023-12-24 20:32:14.158580,Мебель,Москва,9667,37,261.27
2023-12-25 20:32:14.158580,Продукты,Екатеринбург,8756,6,1459.33
2023-12-26 20:32:14.158580,Книги,Санкт-Петербург,6831,44,155.25
2023-12-27 20:32:14.158580,Мебель,Екатеринбург,7701,18,427.83
2023-12-28 20:32:14.158580,Продукты,Новосибирск,6752,30,225.07
2023-12-29 20:32:14.158580,Одежда,Екатеринбург,10502,22,477.36
2023-12-30 20:32:14.158580,Одежда,Москва,8397,33,254.45
2023-12-31 20:32:14.158580,Продукты,Москва,12162,30,405.4
2024-01-01 20:32:14.158580,Продукты,Казань,8743,17,514.29
2024-01-02 20:32:14.158580,Книги,Казань,7453,43,173.33
2024-01-03 20:32:14.158580,Книги,Новосибирск,5847,32,182.72
2024-01-04 20:32:14.158580,Одежда,Санкт-Петербург,5273,42,125.55
2024-01-05 20:32:14.158580,Мебель,Екатеринбург,5716,14,408.29
2024-01-06 20:32:14.158580,Одежда,Новосибирск,9424,10,942.4
2024-01-07 20:32:14.158580,Мебель,Казань,9912,47,210.89
2024-01-08 20:32:14.158580,Мебель,Екатеринбург,5737,36,159.36
2024-01-09 20:32:14.158580,Книги,Казань,10695,34,314.56
2024-01-10 20:32:14.158580,Электроника,Екатеринбург,7943,9,882.56
2024-01-11 20:32:14.158580,Электроника,Санкт-Петербург,9208,42,219.24
2024-01-12 20:32:14.158580,Продукты,Новосибирск,12144,28,433.71
2024-01-13 20:32:14.158580,Книги,Екатеринбург,10718,11,974.36
2024-01-14 20:32:14.158580,Мебель,Москва,8392,14,599.43
2024-01-15 20:32:14.158580,Электроника,Москва,7152,39,183.38
2024-01-16 20:32:14.158580,Мебель,Екатеринбург,4636,47,98.64
2024-01-17 20:32:14.158580,Электроника,Екатеринбург,7506,19,395.05
2024-01-18 20:32:14.158580,Электроника,Екатеринбург,8527,15,568.47
2024-01-19 20:32:14.158580,Электроника,Москва,6980,28,249.29
2024-01-20 20:32:14.158580,Книги,Москва,8697,24,362.38
2024-01-21 20:32:14.158580,Одежда,Екатеринбург,9118,8,1139.75
2024-01-22 20:32:14.158580,Мебель,Казань,8520,43,198.14
2024-01-23 20:32:14.158580,Книги,Казань,7674,9,852.67
2024-01-24 20:32:14.158580,Книги,Санкт-Петербург,9317,47,198.23
2024-01-25 20:32:14.158580,Книги,Новосибирск,9868,33,299.03
2024-01-26 20:32:14.158580,Книги,Казань,6809,33,206.33
2024-01-27 20:32:14.158580,Книги,Москва,11816,19,621.89
2024-01-28 20:32:14.158580,Продукты,Казань,8802,3,2934.0
2024-01-29 20:32:14.158580,Мебель,Санкт-Петербург,9042,10,904.2
2024-01-30 20:32:14.158580,Книги,Санкт-Петербург,10426,40,260.65
2024-01-31 20:32:14.158580,Мебель,Новосибирск,9481,47,201.72
2024-02-01 20:32:14.158580,Продукты,Казань,11292,42,268.86
2024-02-02 20:32:14.158580,Продукты,Москва,9965,1,9965.0
2024-02-03 20:32:14.158580,Мебель,Москва,8171,29,281.76
2024-02-04 20:32:14.158580,Электроника,Екатеринбург,10124,34,297.76
2024-02-05 20:32:14.158580,Одежда,Москва,7118,13,547.54
2024-02-06 20:32:14.158580,Электроника,Новосибирск,9628,1,9628.0
2024-02-07 20:32:14.158580,Электроника,Новосибирск,9349,34,274.97
2024-02-08 20:32:14.158580,Электроника,Москва,9004,29,310.48
2024-02-09 20:32:14.158580,Книги,Москва,9168,48,191.0
2024-02-10 20:32:14.158580,Продукты,Екатеринбург,5667,47,120.57
2024-02-11 20:32:14.158580,Электроника,Москва,8338,13,641.38
2024-02-12 20:32:14.158580,Продукты,Екатеринбург,9626,48,200.54
2024-02-13 20:32:14.158580,Мебель,Екатеринбург,9765,49,199.29
2024-02-14 20:32:14.158580,Одежда,Москва,7395,29,255.0
2024-02-15 20:32:14.158580,Мебель,Санкт-Петербург,11987,39,307.36
2024-02-16 20:32:14.158580,Мебель,Санкт-Петербург,7728,24,322.0
2024-02-17 20:32:14.158580,Книги,Екатеринбург,11404,26,438.62
2024-02-18 20:32:14.158580,Одежда,Москва,10325,17,607.35
2024-02-19 20:32:14.158580,Мебель,Санкт-Петербург,8183,7,1169.0
2024-02-20 20:32:14.158580,Мебель,Москва,13031,13,1002.38
2024-02-21 20:32:14.158580,Одежда,Москва,7098,5,1419.6
2024-02-22 20:32:14.158580,Одежда,Москва,11329,26,435.73
2024-02-23 20:32:14.158580,Мебель,Казань,11497,49,234.63
2024-02-24 20:32:14.158580,Одежда,Москва,8159,3,2719.67
2024-02-25 20:32:14.158580,Мебель,Казань,12290,7,1755.71
2024-02-26 20:32:14.158580,Мебель,Екатеринбург,9010,49,183.88
2024-02-27 20:32:14.158580,Книги,Санкт-Петербург,10093,39,258.79
2024-02-28 20:32:14.158580,Электроника,Санкт-Петербург,10041,1,10041.0
2024-02-29 20:32:14.158580,Мебель,Санкт-Петербург,9257,49,188.92
2024-03-01 20:32:14.158580,Продукты,Санкт-Петербург,11286,17,663.88
2024-03-02 20:32:14.158580,Электроника,Санкт-Петербург,11256,43,261.77
2024-03-03 20:32:14.158580,Электроника,Санкт-Петербург,6177,25,247.08
2024-03-04 20:32:14.158580,Электроника,Санкт-Петербург,12288,3,4096.0
2024-03-05 20:32:14.158580,Книги,Екатеринбург,6360,15,424.0
2024-03-06 20:32:14.158580,Мебель,Москва,11755,29,405.34
2024-03-07 20:32:14.158580,Книги,Новосибирск,11948,43,277.86
2024-03-08 20:32:14.158580,Мебель,Казань,7518,32,234.94
2024-03-09 20:32:14.158580,Книги,Новосибирск,8883,26,341.65
2024-03-10 20:32:14.158580,Книги,Новосибирск,7498,16,468.62
2024-03-11 20:32:14.158580,Продукты,Москва,9285,25,371.4
2024-03-12 20:32:14.158580,Книги,Москва,9103,28,325.11
2024-03-13 20:32:14.158580,Одежда,Москва,11284,9,1253.78
2024-03-14 20:32:14.158580,Продукты,Санкт-Петербург,12350,1,12350.0
2024-03-15 20:32:14.158580,Книги,Екатеринбург,12526,29,431.93
2024-03-16 20:32:14.158580,Электроника,Санкт-Петербург,8615,22,391.59
2024-03-17 20:32:14.158580,Одежда,Екатеринбург,9326,16,582.88
2024-03-18 20:32:14.158580,Одежда,Екатеринбург,6383,41,155.68
2024-03-19 20:32:14.158580,Одежда,Новосибирск,8143,44,185.07
2024-03-20 20:32:14.158580,Продукты,Новосибирск,11689,41,285.1
2024-03-21 20:32:14.158580,Книги,Екатеринбург,12996,7,1856.57
2024-03-22 20:32:14.158580,Книги,Екатеринбург,7301,14,521.5
2024-03-23 20:32:14.158580,Электроника,Санкт-Петербург,8590,29,296.21
2024-03-24 20:32:14.158580,Электроника,Санкт-Петербург,9727,19,511.95
2024-03-25 20:32:14.158580,Одежда,Новосибирск,10345,19,544.47
2024-03-26 20:32:14.158580,Электроника,Москва,8170,2,4085.0
2024-03-27 20:32:14.158580,Продукты,Екатеринбург,10643,41,259.59
2024-03-28 20:32:14.158580,Книги,Санкт-Петербург,8852,45,196.71
2024-03-29 20:32:14.158580,Одежда,Новосибирск,9776,15,651.73
2024-03-30 20:32:14.158580,Электроника,Санкт-Петербург,10902,3,3634.0
2024-03-31 20:32:14.158580,Продукты,Екатеринбург,9827,11,893.36
2024-04-01 20:32:14.158580,Продукты,Екатеринбург,8813,46,191.59
2024-04-02 20:32:14.158580,Электроника,Казань,9471,30,315.7
2024-04-03 20:32:14.158580,Книги,Москва,9519,40,237.98
2024-04-04 20:32:14.158580,Электроника,Казань,8960,18,497.78
2024-04-05 20:32:14.158580,Одежда,Новосибирск,9188,48,191.42
2024-04-06 20:32:14.158580,Электроника,Санкт-Петербург,12908,2,6454.0
2024-04-07 20:32:14.158580,Продукты,Новосибирск,10837,32,338.66
2024-04-08 20:32:14.158580,Электроника,Екатеринбург,9130,8,1141.25
2024-04-09 20:32:14.158580,Книги,Казань,11119,22,505.41
2024-04-10 20:32:14.158580,Мебель,Казань,9063,6,1510.5
2024-04-11 20:32:14.158580,Электроника,Казань,12082,12,1006.83
2024-04-12 20:32:14.158580,Книги,Новосибирск,10480,47,222.98
2024-04-13 20:32:14.158580,Книги,Екатеринбург,9531,40,238.28
2024-04-14 20:32:14.158580,Продукты,Санкт-Петербург,10646,36,295.72
2024-04-15 20:32:14.158580,Книги,Санкт-Петербург,6614,15,440.93
2024-04-16 20:32:14.158580,Книги,Новосибирск,7507,28,268.11
2024-04-17 20:32:14.158580,Книги,Казань,7378,49,150.57
2024-04-18 20:32:14.158580,Книги,Москва,10056,45,223.47
2024-04-19 20:32:14.158580,Одежда,Новосибирск,13241,18,735.61
2024-04-20 20:32:14.158580,Одежда,Новосибирск,14243,2,7121.5
2024-04-21 20:32:14.158580,Продукты,Екатеринбург,11062,13,850.92
2024-04-22 20:32:14.158580,Электроника,Санкт-Петербург,10792,45,239.82
2024-04-23 20:32:14.158580,Книги,Новосибирск,6193,15,412.87
2024-04-24 20:32:14.158580,Электроника,Новосибирск,8715,20,435.75
2024-04-25 20:32:14.158580,Электроника,Казань,8230,29,283.79
2024-04-26 20:32:14.158580,Продукты,Казань,8569,42,204.02
2024-04-27 20:32:14.158580,Книги,Москва,9479,29,326.86
2024-04-28 20:32:14.158580,Книги,Екатеринбург,8876,3,2958.67
2024-04-29 20:32:14.158580,Мебель,Москва,5867,19,308.79
2024-04-30 20:32:14.158580,Электроника,Казань,11326,3,3775.33
2024-05-01 20:32:14.158580,Электроника,Санкт-Петербург,7324,14,523.14
2024-05-02 20:32:14.158580,Одежда,Казань,9953,40,248.82
2024-05-03 20:32:14.158580,Мебель,Екатеринбург,13628,4,3407.0
2024-05-04 20:32:14.158580,Одежда,Казань,7646,11,695.09
2024-05-05 20:32:14.158580,Одежда,Екатеринбург,4430,31,142.9
2024-05-06 20:32:14.158580,Одежда,Екатеринбург,8922,43,207.49
2024-05-07 20:32:14.158580,Продукты,Екатеринбург,11701,32,365.66
2024-05-08 20:32:14.158580,Продукты,Екатеринбург,13421,27,497.07
2024-05-09 20:32:14.158580,Одежда,Екатеринбург,7050,30,235.0
2024-05-10 20:32:14.158580,Мебель,Санкт-Петербург,10508,43,244.37
2024-05-11 20:32:14.158580,Электроника,Москва,8589,2,4294.5
2024-05-12 20:32:14.158580,Мебель,Новосибирск,9313,49,190.06
2024-05-13 20:32:14.158580,Книги,Москва,14818,9,1646.44
2024-05-14 20:32:14.158580,Продукты,Екатеринбург,6529,28,233.18
2024-05-15 20:32:14.158580,Электроника,Санкт-Петербург,10047,31,324.1
2024-05-16 20:32:14.158580,Электроника,Казань,10480,34,308.24
2024-05-17 20:32:14.158580,Книги,Санкт-Петербург,11721,15,781.4
2024-05-18 20:32:14.158580,Книги,Екатеринбург,9750,48,203.12
2024-05-19 20:32:14.158580,Одежда,Санкт-Петербург,10176,25,407.04
2024-05-20 20:32:14.158580,Продукты,Санкт-Петербург,8781,36,243.92
2024-05-21 20:32:14.158580,Продукты,Екатеринбург,10108,8,1263.5
2024-05-22 20:32:14.158580,Мебель,Санкт-Петербург,8888,9,987.56
2024-05-23 20:32:14.158580,Одежда,Новосибирск,10823,37,292.51
2024-05-24 20:32:14.158580,Одежда,Новосибирск,8845,48,184.27
2024-05-25 20:32:14.158580,Одежда,Санкт-Петербург,10344,45,229.87
2024-05-26 20:32:14.158580,Одежда,Казань,9536,39,244.51
2024-05-27 20:32:14.158580,Продукты,Екатеринбург,11852,32,370.38
2024-05-28 20:32:14.158580,Продукты,Новосибирск,9502,17,558.94
2024-05-29 20:32:14.158580,Одежда,Казань,6063,35,173.23
2024-05-30 20:32:14.158580,Мебель,Санкт-Петербург,12138,37,328.05
2024-05-31 20:32:14.158580,Электроника,Казань,7808,19,410.95
2024-06-01 20:32:14.158580,Электроника,Москва,7817,44,177.66
2024-06-02 20:32:14.158580,Мебель,Новосибирск,7938,29,273.72
2024-06-03 20:32:14.158580,Одежда,Санкт-Петербург,11883,7,1697.57
2024-06-04 20:32:14.158580,Продукты,Екатеринбург,4868,28,173.86
2024-06-05 20:32:14.158580,Электроника,Санкт-Петербург,15420,9,1713.33
2024-06-06 20:32:14.158580,Книги,Екатеринбург,11262,28,402.21
2024-06-07 20:32:14.158580,Книги,Санкт-Петербург,9601,6,1600.17
2024-06-08 20:32:14.158580,Мебель,Казань,9050,29,312.07
2024-06-09 20:32:14.158580,Одежда,Казань,9736,17,572.71
2024-06-10 20:32:14.158580,Электроника,Казань,10212,16,638.25
2024-06-11 20:32:14.158580,Одежда,Москва,10465,23,455.0
2024-06-12 20:32:14.158580,Электроника,Екатеринбург,10291,31,331.97
2024-06-13 20:32:14.158580,Мебель,Казань,9364,3,3121.33
2024-06-14 20:32:14.158580,Мебель,Москва,8795,21,418.81
2024-06-15 20:32:14.158580,Книги,Екатеринбург,8892,26,342.0
2024-06-16 20:32:14.158580,Одежда,Санкт-Петербург,8810,36,244.72
2024-06-17 20:32:14.158580,Книги,Москва,11472,42,273.14
2024-06-18 20:32:14.158580,Одежда,Новосибирск,10397,37,281.0
2024-06-19 20:32:14.158580,Книги,Москва,3336,22,151.64
2024-06-20 20:32:14.158580,Продукты,Москва,10531,42,250.74
2024-06-21 20:32:14.158580,Продукты,Екатеринбург,9614,12,801.17
2024-06-22 20:32:14.158580,Продукты,Санкт-Петербург,9192,42,218.86
2024-06-23 20:32:14.158580,Продукты,Новосибирск,8457,13,650.54
2024-06-24 20:32:14.158580,Электроника,Казань,11488,11,1044.36
2024-06-25 20:32:14.158580,Продукты,Казань,11140,16,696.25
2024-06-26 20:32:14.158580,Мебель,Москва,7704,8,963.0
2024-06-27 20:32:14.158580,Мебель,Екатеринбург,10069,40,251.72
2024-06-28 20:32:14.158580,Электроника,Екатеринбург,7316,40,182.9
2024-06-29 20:32:14.158580,Продукты,Казань,6505,45,144.56
2024-06-30 20:32:14.158580,Продукты,Новосибирск,8016,2,4008.0
2024-07-01 20:32:14.158580,Продукты,Санкт-Петербург,10499,30,349.97
2024-07-02 20:32:14.158580,Книги,Новосибирск,10686,30,356.2
2024-07-03 20:32:14.158580,Одежда,Санкт-Петербург,9811,12,817.58
2024-07-04 20:32:14.158580,Книги,Казань,10240,10,1024.0
2024-07-05 20:32:14.158580,Одежда,Санкт-Петербург,9827,44,223.34
2024-07-06 20:32:14.158580,Продукты,Екатеринбург,7517,11,683.36
2024-07-07 20:32:14.158580,Продукты,Москва,9668,15,644.53
2024-07-08 20:32:14.158580,Книги,Москва,10410,16,650.62
2024-07-09 20:32:14.158580,Книги,Казань,10323,17,607.24
2024-07-10 20:32:14.158580,Одежда,Екатеринбург,11197,26,430.65
2024-07-11 20:32:14.158580,Мебель,Новосибирск,10241,2,5120.5
2024-07-12 20:32:14.158580,Одежда,Екатеринбург,9532,12,794.33
2024-07-13 20:32:14.158580,Книги,Москва,10975,26,422.12
2024-07-14 20:32:14.158580,Книги,Москва,8786,23,382.0
2024-07-15 20:32:14.158580,Электроника,Екатеринбург,7081,18,393.39
2024-07-16 20:32:14.158580,Книги,Екатеринбург,8523,32,266.34
2024-07-17 20:32:14.158580,Электроника,Москва,7365,49,150.31
2024-07-18 20:32:14.158580,Мебель,Новосибирск,7509,38,197.61
2024-07-19 20:32:14.158580,Одежда,Казань,8575,47,182.45
2024-07-20 20:32:14.158580,Одежда,Казань,7285,3,2428.33
2024-07-21 20:32:14.158580,Электроника,Екатеринбург,8259,38,217.34
2024-07-22 20:32:14.158580,Одежда,Казань,5092,3,1697.33
2024-07-23 20:32:14.158580,Книги,Москва,9311,30,310.37
2024-07-24 20:32:14.158580,Продукты,Москва,8892,1,8892.0
2024-07-25 20:32:14.158580,Электроника,Екатеринбург,7260,30,242.0
2024-07-26 20:32:14.158580,Одежда,Екатеринбург,10218,45,227.07
2024-07-27 20:32:14.158580,Электроника,Екатеринбург,10780,32,336.88
2024-07-28 20:32:14.158580,Электроника,Новосибирск,5694,28,203.36
2024-07-29 20:32:14.158580,Продукты,Казань,7389,21,351.86
2024-07-30 20:32:14.158580,Книги,Екатеринбург,7381,46,160.46
2024-07-31 20:32:14.158580,Электроника,Санкт-Петербург,7045,13,541.92
2024-08-01 20:32:14.158580,Одежда,Санкт-Петербург,10221,27,378.56
2024-08-02 20:32:14.158580,Мебель,Москва,8180,36,227.22
2024-08-03 20:32:14.158580,Электроника,Казань,8043,7,1149.0
2024-08-04 20:32:14.158580,Электроника,Екатеринбург,4570,22,207.73
2024-08-05 20:32:14.158580,Продукты,Санкт-Петербург,9853,10,985.3
2024-08-06 20:32:14.158580,Книги,Казань,6109,39,156.64
2024-08-07 20:32:14.158580,Мебель,Москва,8712,15,580.8
2024-08-08 20:32:14.158580,Одежда,Новосибирск,9152,15,610.13
2024-08-09 20:32:14.158580,Мебель,Казань,11324,4,2831.0
2024-08-10 20:32:14.158580,Одежда,Казань,5990,32,187.19
2024-08-11 20:32:14.158580,Книги,Новосибирск,2575,23,111.96
2024-08-12 20:32:14.158580,Одежда,Казань,8985,6,1497.5
2024-08-13 20:32:14.158580,Продукты,Москва,12224,24,509.33
2024-08-14 20:32:14.158580,Продукты,Москва,11105,20,555.25
2024-08-15 20:32:14.158580,Продукты,Новосибирск,9052,37,244.65
2024-08-16 20:32:14.158580,Продукты,Екатеринбург,7654,20,382.7
2024-08-17 20:32:14.158580,Мебель,Санкт-Петербург,10257,12,854.75
2024-08-18 20:32:14.158580,Книги,Екатеринбург,6700,33,203.03
2024-08-19 20:32:14.158580,Одежда,Казань,9605,28,343.04
2024-08-20 20:32:14.158580,Одежда,Санкт-Петербург,9668,8,1208.5
2024-08-21 20:32:14.158580,Продукты,Новосибирск,10783,1,10783.0
2024-08-22 20:32:14.158580,Продукты,Новосибирск,14187,37,383.43
2024-08-23 20:32:14.158580,Электроника,Санкт-Петербург,9457,22,429.86
2024-08-24 20:32:14.158580,Книги,Москва,7660,6,1276.67
2024-08-25 20:32:14.158580,Мебель,Санкт-Петербург,8631,21,411.0
2024-08-26 20:32:14.158580,Одежда,Казань,5149,32,160.91
2024-08-27 20:32:14.158580,Электроника,Москва,7303,35,208.66
2024-08-28 20:32:14.158580,Электроника,Новосибирск,7879,15,525.27
2024-08-29 20:32:14.158580,Одежда,Санкт-Петербург,7654,5,1530.8
2024-08-30 20:32:14.158580,Мебель,Екатеринбург,9012,46,195.91
2024-08-31 20:32:14.158580,Электроника,Екатеринбург,7068,48,147.25
2024-09-01 20:32:14.158580,Электроника,Казань,10827,6,1804.5
2024-09-02 20:32:14.158580,Книги,Екатеринбург,8590,25,343.6
2024-09-03 20:32:14.158580,Мебель,Санкт-Петербург,8576,46,186.43
2024-09-04 20:32:14.158580,Электроника,Санкт-Петербург,7944,40,198.6
2024-09-05 20:32:14.158580,Мебель,Екатеринбург,8915,29,307.41
2024-09-06 20:32:14.158580,Одежда,Санкт-Петербург,10260,7,1465.71
2024-09-07 20:32:14.158580,Продукты,Казань,6880,40,172.0
2024-09-08 20:32:14.158580,Электроника,Москва,7303,13,561.77
2024-09-09 20:32:14.158580,Книги,Казань,8017,38,210.97
2024-09-10 20:32:14.158580,Одежда,Казань,5938,18,329.89
2024-09-11 20:32:14.158580,Мебель,Санкт-Петербург,6996,2,3498.0
2024-09-12 20:32:14.158580,Одежда,Москва,7687,8,960.88
2024-09-13 20:32:14.158580,Электроника,Санкт-Петербург,10393,11,944.82
2024-09-14 20:32:14.158580,Мебель,Новосибирск,9175,33,278.03
2024-09-15 20:32:14.158580,Продукты,Санкт-Петербург,9042,38,237.95
2024-09-16 20:32:14.158580,Одежда,Санкт-Петербург,10361,48,215.85
2024-09-17 20:32:14.158580,Электроника,Санкт-Петербург,8390,27,310.74
2024-09-18 20:32:14.158580,Книги,Москва,9450,20,472.5
2024-09-19 20:32:14.158580,Мебель,Санкт-Петербург,8468,12,705.67
2024-09-20 20:32:14.158580,Одежда,Москва,9210,43,214.19
2024-09-21 20:32:14.158580,Одежда,Екатеринбург,7519,31,242.55
2024-09-22 20:32:14.158580,Продукты,Новосибирск,3812,27,141.19
2024-09-23 20:32:14.158580,Продукты,Москва,8426,32,263.31
2024-09-24 20:32:14.158580,Книги,Екатеринбург,11545,10,1154.5
2024-09-25 20:32:14.158580,Книги,Москва,10557,3,3519.0
2024-09-26 20:32:14.158580,Электроника,Москва,10640,45,236.44
2024-09-27 20:32:14.158580,Электроника,Новосибирск,11187,27,414.33
2024-09-28 20:32:14.158580,Книги,Казань,8897,35,254.2
2024-09-29 20:32:14.158580,Книги,Казань,9119,31,294.16
2024-09-30 20:32:14.158580,Мебель,Москва,7494,15,499.6
2024-10-01 20:32:14.158580,Продукты,Санкт-Петербург,8235,16,514.69
2024-10-02 20:32:14.158580,Электроника,Екатеринбург,10104,13,777.23
2024-10-03 20:32:14.158580,Продукты,Санкт-Петербург,11285,49,230.31
2024-10-04 20:32:14.158580,Продукты,Санкт-Петербург,8604,35,245.83
2024-10-05 20:32:14.158580,Книги,Москва,7987,11,726.09
2024-10-06 20:32:14.158580,Мебель,Москва,8894,21,423.52
2024-10-07 20:32:14.158580,Одежда,Москва,10100,11,918.18
2024-10-08 20:32:14.158580,Мебель,Москва,6015,30,200.5
2024-10-09 20:32:14.158580,Мебель,Казань,4315,48,89.9
2024-10-10 20:32:14.158580,Продукты,Москва,7811,35,223.17
2024-10-11 20:32:14.158580,Мебель,Казань,6476,22,294.36
2024-10-12 20:32:14.158580,Электроника,Казань,7906,38,208.05
2024-10-13 20:32:14.158580,Продукты,Москва,8632,31,278.45
2024-10-14 20:32:14.158580,Электроника,Новосибирск,8026,14,573.29
2024-10-15 20:32:14.158580,Одежда,Екатеринбург,11842,24,493.42
2024-10-16 20:32:14.158580,Продукты,Санкт-Петербург,9596,49,195.84
2024-10-17 20:32:14.158580,Одежда,Казань,9548,32,298.38
2024-10-18 20:32:14.158580,Продукты,Екатеринбург,10197,36,283.25
2024-10-19 20:32:14.158580,Книги,Новосибирск,6680,32,208.75
2024-10-20 20:32:14.158580,Мебель,Санкт-Петербург,11041,15,736.07
2024-10-21 20:32:14.158580,Книги,Санкт-Петербург,8816,43,205.02
2024-10-22 20:32:14.158580,Одежда,Казань,10313,35,294.66
2024-10-23 20:32:14.158580,Мебель,Москва,6834,3,2278.0
2024-10-24 20:32:14.158580,Продукты,Новосибирск,5875,16,367.19
2024-10-25 20:32:14.158580,Мебель,Казань,10623,5,2124.6
2024-10-26 20:32:14.158580,Электроника,Новосибирск,9745,21,464.05
2024-10-27 20:32:14.158580,Мебель,Москва,7193,10,719.3
2024-10-28 20:32:14.158580,Электроника,Москва,7263,19,382.26
2024-10-29 20:32:14.158580,Мебель,Казань,11258,25,450.32
2024-10-30 20:32:14.158580,Электроника,Москва,6634,4,1658.5
2024-10-31 20:32:14.158580,Одежда,Екатеринбург,12303,29,424.24
2024-11-01 20:32:14.158580,Книги,Санкт-Петербург,7587,19,399.32
2024-11-02 20:32:14.158580,Продукты,Казань,10671,43,248.16
2024-11-03 20:32:14.158580,Мебель,Новосибирск,8742,2,4371.0
2024-11-04 20:32:14.158580,Книги,Екатеринбург,10611,10,1061.1
2024-11-05 20:32:14.158580,Продукты,Казань,8320,43,193.49
2024-11-06 20:32:14.158580,Продукты,Москва,9089,25,363.56
2024-11-07 20:32:14.158580,Электроника,Москва,9501,20,475.05
2024-11-08 20:32:14.158580,Одежда,Москва,7419,48,154.56
2024-11-09 20:32:14.158580,Одежда,Москва,10911,19,574.26
2024-11-10 20:32:14.158580,Книги,Новосибирск,8407,23,365.52
2024-11-11 20:32:14.158580,Одежда,Екатеринбург,8982,24,374.25
2024-11-12 20:32:14.158580,Мебель,Санкт-Петербург,7455,11,677.73
2024-11-13 20:32:14.158580,Одежда,Новосибирск,4326,46,94.04
2024-11-14 20:32:14.158580,Книги,Новосибирск,9072,34,266.82
2024-11-15 20:32:14.158580,Одежда,Санкт-Петербург,14285,28,510.18
2024-11-16 20:32:14.158580,Мебель,Санкт-Петербург,11034,5,2206.8
2024-11-17 20:32:14.158580,Электроника,Москва,9431,5,1886.2
2024-11-18 20:32:14.158580,Книги,Новосибирск,8949,21,426.14
2024-11-19 20:32:14.158580,Электроника,Казань,9524,12,793.67
2024-11-20 20:32:14.158580,Электроника,Санкт-Петербург,10579,4,2644.75
2024-11-21 20:32:14.158580,Электроника,Санкт-Петербург,7127,49,145.45
2024-11-22 20:32:14.158580,Продукты,Екатеринбург,11723,42,279.12
2024-11-23 20:32:14.158580,Продукты,Казань,10930,20,546.5
2024-11-24 20:32:14.158580,Электроника,Казань,10941,38,287.92
2024-11-25 20:32:14.158580,Книги,Санкт-Петербург,10386,25,415.44
2024-11-26 20:32:14.158580,Мебель,Москва,9554,14,682.43
2024-11-27 20:32:14.158580,Мебель,Екатеринбург,10865,11,987.73
2024-11-28 20:32:14.158580,Одежда,Казань,10708,32,334.62
2024-11-29 20:32:14.158580,Книги,Санкт-Петербург,8821,11,801.91
2024-11-30 20:32:14.158580,Продукты,Казань,8386,18,465.89
2024-12-01 20:32:14.158580,Электроника,Екатеринбург,10243,27,379.37
2024-12-02 20:32:14.158580,Одежда,Екатеринбург,13143,18,730.17
2024-12-03 20:32:14.158580,Мебель,Новосибирск,7571,23,329.17
2024-12-04 20:32:14.158580,Продукты,Санкт-Петербург,7119,11,647.18
2024-12-05 20:32:14.158580,Продукты,Екатеринбург,10389,21,494.71
2024-12-06 20:32:14.158580,Электроника,Новосибирск,10166,44,231.05
2024-12-07 20:32:14.158580,Мебель,Новосибирск,10416,5,2083.2
2024-12-08 20:32:14.158580,Книги,Казань,10562,23,459.22
2024-12-09 20:32:14.158580,Продукты,Казань,9633,41,234.95
2024-12-10 20:32:14.158580,Электроника,Новосибирск,13064,25,522.56
2024-12-11 20:32:14.158580,Книги,Казань,6888,41,168.0
2024-12-12 20:32:14.158580,Мебель,Екатеринбург,8438,10,843.8
2024-12-13 20:32:14.158580,Продукты,Москва,9893,22,449.68
2024-12-14 20:32:14.158580,Книги,Екатеринбург,6818,19,358.84
2024-12-15 20:32:14.158580,Книги,Новосибирск,9758,1,9758.0
2024-12-16 20:32:14.158580,Книги,Новосибирск,13437,7,1919.57
2024-12-17 20:32:14.158580,Продукты,Екатеринбург,10161,4,2540.25
2024-12-18 20:32:14.158580,Продукты,Казань,10586,1,10586.0
2024-12-19 20:32:14.158580,Одежда,Казань,7609,15,507.27
2024-12-20 20:32:14.158580,Мебель,Новосибирск,8902,40,222.55
2024-12-21 20:32:14.158580,Электроника,Санкт-Петербург,9389,12,782.42
2024-12-22 20:32:14.158580,Книги,Казань,9509,22,432.23
2024-12-23 20:32:14.158580,Одежда,Екатеринбург,12713,22,577.86
2024-12-24 20:32:14.158580,Электроника,Казань,11270,47,239.79
2024-12-25 20:32:14.158580,Одежда,Екатеринбург,7937,17,466.88
2024-12-26 20:32:14.158580,Продукты,Новосибирск,10658,29,367.52
2024-12-27 20:32:14.158580,Книги,Казань,11166,46,242.74
2024-12-28 20:32:14.158580,Электроника,Екатеринбург,12455,14,889.64
2024-12-29 20:32:14.158580,Электроника,Новосибирск,13341,20,667.05
2024-12-30 20:32:14.158580,Электроника,Санкт-Петербург,8154,48,169.88
2024-12-31 20:32:14.158580,Электроника,Екатеринбург,8568,33,259.64
2025-01-01 20:32:14.158580,Электроника,Санкт-Петербург,8179,43,190.21
2025-01-02 20:32:14.158580,Одежда,Санкт-Петербург,10231,15,682.07
2025-01-03 20:32:14.158580,Книги,Москва,11637,12,969.75
2025-01-04 20:32:14.158580,Продукты,Казань,12684,40,317.1
2025-01-05 20:32:14.158580,Продукты,Екатеринбург,10563,20,528.15
2025-01-06 20:32:14.158580,Продукты,Санкт-Петербург,10080,30,336.0
2025-01-07 20:32:14.158580,Продукты,Москва,11028,38,290.21
2025-01-08 20:32:14.158580,Одежда,Новосибирск,9059,3,3019.67
2025-01-09 20:32:14.158580,Мебель,Екатеринбург,14914,28,532.64
2025-01-10 20:32:14.158580,Книги,Санкт-Петербург,7524,26,289.38
2025-01-11 20:32:14.158580,Электроника,Казань,11114,30,370.47
2025-01-12 20:32:14.158580,Мебель,Москва,14797,13,1138.23
2025-01-13 20:32:14.158580,Продукты,Санкт-Петербург,10768,13,828.31
2025-01-14 20:32:14.158580,Мебель,Казань,10379,2,5189.5
2025-01-15 20:32:14.158580,Книги,Санкт-Петербург,10050,37,271.62
2025-01-16 20:32:14.158580,Электроника,Екатеринбург,10409,49,212.43
2025-01-17 20:32:14.158580,Электроника,Екатеринбург,13520,38,355.79
2025-01-18 20:32:14.158580,Книги,Екатеринбург,6356,2,3178.0
2025-01-19 20:32:14.158580,Книги,Москва,13851,36,384.75
2025-01-20 20:32:14.158580,Продукты,Екатеринбург,7942,26,305.46
2025-01-21 20:32:14.158580,Электроника,Казань,10261,11,932.82
2025-01-22 20:32:14.158580,Мебель,Санкт-Петербург,9941,8,1242.62
2025-01-23 20:32:14.158580,Одежда,Новосибирск,11982,44,272.32
2025-01-24 20:32:14.158580,Одежда,Казань,7613,40,190.32
2025-01-25 20:32:14.158580,Книги,Казань,11739,43,273.0
2025-01-26 20:32:14.158580,Продукты,Екатеринбург,14868,22,675.82
2025-01-27 20:32:14.158580,Одежда,Москва,8098,20,404.9
2025-01-28 20:32:14.158580,Электроника,Санкт-Петербург,11209,8,1401.12
2025-01-29 20:32:14.158580,Книги,Москва,9511,29,327.97
2025-01-30 20:32:14.158580,Мебель,Санкт-Петербург,11691,40,292.27
2025-01-31 20:32:14.158580,Книги,Санкт-Петербург,10883,26,418.58
2025-02-01 20:32:14.158580,Мебель,Москва,9933,30,331.1
2025-02-02 20:32:14.158580,Книги,Казань,12196,17,717.41
2025-02-03 20:32:14.158580,Книги,Санкт-Петербург,14834,20,741.7
2025-02-04 20:32:14.158580,Книги,Москва,10849,16,678.06
2025-02-05 20:32:14.158580,Мебель,Санкт-Петербург,12675,46,275.54
2025-02-06 20:32:14.158580,Мебель,Новосибирск,8654,43,201.26
2025-02-07 20:32:14.158580,Книги,Казань,9333,7,1333.29
2025-02-08 20:32:14.158580,Одежда,Екатеринбург,12195,16,762.19
2025-02-09 20:32:14.158580,Продукты,Санкт-Петербург,14224,45,316.09
2025-02-10 20:32:14.158580,Продукты,Новосибирск,11972,47,254.72
2025-02-11 20:32:14.158580,Продукты,Екатеринбург,10639,48,221.65
2025-02-12 20:32:14.158580,Мебель,Екатеринбург,11269,27,417.37
2025-02-13 20:32:14.158580,Мебель,Санкт-Петербург,8775,23,381.52
2025-02-14 20:32:14.158580,Одежда,Москва,12490,24,520.42
2025-02-15 20:32:14.158580,Продукты,Санкт-Петербург,13050,9,1450.0
2025-02-16 20:32:14.158580,Продукты,Новосибирск,10386,35,296.74
2025-02-17 20:32:14.158580,Книги,Екатеринбург,10355,20,517.75
2025-02-18 20:32:14.158580,Мебель,Санкт-Петербург,11832,37,319.78
2025-02-19 20:32:14.158580,Продукты,Москва,10432,42,248.38
2025-02-20 20:32:14.158580,Одежда,Санкт-Петербург,11178,17,657.53
2025-02-21 20:32:14.158580,Одежда,Казань,15515,47,330.11
2025-02-22 20:32:14.158580,Продукты,Москва,10826,31,349.23
2025-02-23 20:32:14.158580,Мебель,Новосибирск,10609,8,1326.12
2025-02-24 20:32:14.158580,Одежда,Екатеринбург,10035,15,669.0
2025-02-25 20:32:14.158580,Книги,Санкт-Петербург,12824,31,413.68
2025-02-26 20:32:14.158580,Одежда,Москва,10978,30,365.93
2025-02-27 20:32:14.158580,Электроника,Казань,10047,46,218.41
2025-02-28 20:32:14.158580,Электроника,Москва,13993,20,699.65
2025-03-01 20:32:14.158580,Мебель,Казань,14329,39,367.41
2025-03-02 20:32:14.158580,Продукты,Новосибирск,10294,12,857.83
